{
  "timestamp": "2025-10-23T00:08:36.143366",
  "total_time_seconds": 6279.298940896988,
  "models": [
    {
      "model_name": "Llama-3.2-3B",
      "model_id": "mlx-community/Llama-3.2-3B-Instruct-4bit",
      "output_dir": "./finetuned-llama-3.2-3B",
      "hyperparameters": {
        "lora_rank": 8,
        "lora_alpha": 16,
        "learning_rate": 9e-07,
        "num_iters": 600,
        "batch_size": 4
      },
      "results": {
        "baseline": {
          "accuracy": 0.3898305084745763,
          "precision": 0.0,
          "recall": 0.0,
          "specificity": 1.0,
          "f1": 0.0,
          "confusion": {
            "tp": 0,
            "tn": 23,
            "fp": 0,
            "fn": 36
          }
        },
        "lasso": {
          "accuracy": 0.5084745762711864,
          "precision": 0.64,
          "recall": 0.4444444444444444,
          "specificity": 0.6086956521739131,
          "f1": 0.5245901639344263,
          "confusion": {
            "tp": 16,
            "tn": 14,
            "fp": 9,
            "fn": 20
          }
        },
        "random_forest": {
          "accuracy": 0.576271186440678,
          "precision": 0.6666666666666666,
          "recall": 0.6111111111111112,
          "specificity": 0.5217391304347826,
          "f1": 0.6376811594202898,
          "confusion": {
            "tp": 22,
            "tn": 12,
            "fp": 11,
            "fn": 14
          }
        },
        "finetuned": {
          "accuracy": 0.5084745762711864,
          "precision": 0.6206896551724138,
          "recall": 0.5,
          "specificity": 0.5217391304347826,
          "f1": 0.5538461538461539,
          "confusion": {
            "tp": 18,
            "tn": 12,
            "fp": 11,
            "fn": 18
          }
        }
      }
    },
    {
      "model_name": "Gemma-3-4B-QAT",
      "model_id": "mlx-community/gemma-3-4b-it-qat-4bit",
      "output_dir": "./finetuned-gemma-3-4b-qat",
      "hyperparameters": {
        "lora_rank": 8,
        "lora_alpha": 16,
        "learning_rate": 9e-07,
        "num_iters": 600,
        "batch_size": 4
      },
      "results": {
        "baseline": {
          "accuracy": 0.4067796610169492,
          "precision": 0.6,
          "recall": 0.08333333333333333,
          "specificity": 0.9130434782608695,
          "f1": 0.14634146341463414,
          "confusion": {
            "tp": 3,
            "tn": 21,
            "fp": 2,
            "fn": 33
          }
        },
        "lasso": {
          "accuracy": 0.5084745762711864,
          "precision": 0.64,
          "recall": 0.4444444444444444,
          "specificity": 0.6086956521739131,
          "f1": 0.5245901639344263,
          "confusion": {
            "tp": 16,
            "tn": 14,
            "fp": 9,
            "fn": 20
          }
        },
        "random_forest": {
          "accuracy": 0.576271186440678,
          "precision": 0.6666666666666666,
          "recall": 0.6111111111111112,
          "specificity": 0.5217391304347826,
          "f1": 0.6376811594202898,
          "confusion": {
            "tp": 22,
            "tn": 12,
            "fp": 11,
            "fn": 14
          }
        },
        "finetuned": {
          "accuracy": 0.423728813559322,
          "precision": 0.5833333333333334,
          "recall": 0.19444444444444445,
          "specificity": 0.782608695652174,
          "f1": 0.2916666666666667,
          "confusion": {
            "tp": 7,
            "tn": 18,
            "fp": 5,
            "fn": 29
          }
        }
      }
    },
    {
      "model_name": "Qwen3-4B",
      "model_id": "mlx-community/Qwen3-4B-4bit",
      "output_dir": "./finetuned-qwen3-4b",
      "hyperparameters": {
        "lora_rank": 8,
        "lora_alpha": 16,
        "learning_rate": 1e-06,
        "num_iters": 600,
        "batch_size": 4
      },
      "results": {
        "baseline": {
          "accuracy": 0.0,
          "precision": 0.0,
          "recall": 0.0,
          "specificity": 0.0,
          "f1": 0.0,
          "confusion": {
            "tp": 0,
            "tn": 0,
            "fp": 0,
            "fn": 0
          }
        },
        "lasso": {
          "accuracy": 0.5084745762711864,
          "precision": 0.64,
          "recall": 0.4444444444444444,
          "specificity": 0.6086956521739131,
          "f1": 0.5245901639344263,
          "confusion": {
            "tp": 16,
            "tn": 14,
            "fp": 9,
            "fn": 20
          }
        },
        "random_forest": {
          "accuracy": 0.576271186440678,
          "precision": 0.6666666666666666,
          "recall": 0.6111111111111112,
          "specificity": 0.5217391304347826,
          "f1": 0.6376811594202898,
          "confusion": {
            "tp": 22,
            "tn": 12,
            "fp": 11,
            "fn": 14
          }
        },
        "finetuned": {
          "accuracy": 0.423728813559322,
          "precision": 0.0,
          "recall": 0.0,
          "specificity": 0.0,
          "f1": 0.0,
          "confusion": {
            "tp": 0,
            "tn": 0,
            "fp": 0,
            "fn": 0
          }
        }
      }
    },
    {
      "model_name": "DeepSeek-R1-Distill-Qwen-7B",
      "model_id": "mlx-community/DeepSeek-R1-Distill-Qwen-7B-4bit",
      "output_dir": "./finetuned-deepseek-r1-qwen-7b",
      "hyperparameters": {
        "lora_rank": 8,
        "lora_alpha": 16,
        "learning_rate": 8e-07,
        "num_iters": 600,
        "batch_size": 2
      },
      "results": {
        "baseline": {
          "accuracy": 0.0,
          "precision": 0.0,
          "recall": 0.0,
          "specificity": 0.0,
          "f1": 0.0,
          "confusion": {
            "tp": 0,
            "tn": 0,
            "fp": 0,
            "fn": 0
          }
        },
        "lasso": {
          "accuracy": 0.5084745762711864,
          "precision": 0.64,
          "recall": 0.4444444444444444,
          "specificity": 0.6086956521739131,
          "f1": 0.5245901639344263,
          "confusion": {
            "tp": 16,
            "tn": 14,
            "fp": 9,
            "fn": 20
          }
        },
        "random_forest": {
          "accuracy": 0.576271186440678,
          "precision": 0.6666666666666666,
          "recall": 0.6111111111111112,
          "specificity": 0.5217391304347826,
          "f1": 0.6376811594202898,
          "confusion": {
            "tp": 22,
            "tn": 12,
            "fp": 11,
            "fn": 14
          }
        },
        "finetuned": {
          "accuracy": 0.0,
          "precision": 0.0,
          "recall": 0.0,
          "specificity": 0.0,
          "f1": 0.0,
          "confusion": {
            "tp": 0,
            "tn": 0,
            "fp": 0,
            "fn": 0
          }
        }
      }
    },
    {
      "model_name": "Mistral-7B",
      "model_id": "mlx-community/Mistral-7B-Instruct-v0.3-4bit",
      "output_dir": "./finetuned-mistral-7b",
      "hyperparameters": {
        "lora_rank": 8,
        "lora_alpha": 16,
        "learning_rate": 8e-07,
        "num_iters": 600,
        "batch_size": 2
      },
      "results": {
        "baseline": {
          "accuracy": 0.5254237288135594,
          "precision": 0.6176470588235294,
          "recall": 1.0,
          "specificity": 0.0,
          "f1": 0.7636363636363637,
          "confusion": {
            "tp": 21,
            "tn": 0,
            "fp": 13,
            "fn": 0
          }
        },
        "lasso": {
          "accuracy": 0.5084745762711864,
          "precision": 0.64,
          "recall": 0.4444444444444444,
          "specificity": 0.6086956521739131,
          "f1": 0.5245901639344263,
          "confusion": {
            "tp": 16,
            "tn": 14,
            "fp": 9,
            "fn": 20
          }
        },
        "random_forest": {
          "accuracy": 0.576271186440678,