{
  "model_name": "Llama-3.2-3B",
  "model_id": "mlx-community/Llama-3.2-3B-Instruct-4bit",
  "output_dir": "./finetuned-llama-3.2-3B",
  "hyperparameters": {
    "lora_rank": 8,
    "lora_alpha": 16,
    "learning_rate": 9e-07,
    "num_iters": 600,
    "batch_size": 4
  },
  "results": {
    "baseline": {
      "accuracy": 0.3898305084745763,
      "precision": 0.0,
      "recall": 0.0,
      "specificity": 1.0,
      "f1": 0.0,
      "confusion": {
        "tp": 0,
        "tn": 23,
        "fp": 0,
        "fn": 36
      }
    },
    "lasso": {
      "accuracy": 0.5084745762711864,
      "precision": 0.64,
      "recall": 0.4444444444444444,
      "specificity": 0.6086956521739131,
      "f1": 0.5245901639344263,
      "confusion": {
        "tp": 16,
        "tn": 14,
        "fp": 9,
        "fn": 20
      }
    },
    "random_forest": {
      "accuracy": 0.576271186440678,
      "precision": 0.6666666666666666,
      "recall": 0.6111111111111112,
      "specificity": 0.5217391304347826,
      "f1": 0.6376811594202898,
      "confusion": {
        "tp": 22,
        "tn": 12,
        "fp": 11,
        "fn": 14
      }
    },
    "finetuned": {
      "accuracy": 0.5423728813559322,
      "precision": 0.6451612903225806,
      "recall": 0.5555555555555556,
      "specificity": 0.5217391304347826,
      "f1": 0.5970149253731343,
      "confusion": {
        "tp": 20,
        "tn": 12,
        "fp": 11,
        "fn": 16
      }
    }
  }
}