{
  "model_name": "Llama-3.2-3B-v2",
  "model_id": "mlx-community/Llama-3.2-3B-Instruct-4bit",
  "output_dir": "./finetuned-llama-3.2-3B-v2",
  "hyperparameters": {
    "lora_rank": 16,
    "lora_alpha": 32,
    "learning_rate": 1.5e-06,
    "num_iters": 1000,
    "batch_size": 4
  },
  "results": {
    "baseline": {
      "accuracy": 0.3898305084745763,
      "precision": 0.0,
      "recall": 0.0,
      "specificity": 1.0,
      "f1": 0.0,
      "confusion": {
        "tp": 0,
        "tn": 23,
        "fp": 0,
        "fn": 36
      }
    },
    "lasso": {
      "accuracy": 0.5084745762711864,
      "precision": 0.64,
      "recall": 0.4444444444444444,
      "specificity": 0.6086956521739131,
      "f1": 0.5245901639344263,
      "confusion": {
        "tp": 16,
        "tn": 14,
        "fp": 9,
        "fn": 20
      }
    },
    "random_forest": {
      "accuracy": 0.576271186440678,
      "precision": 0.6666666666666666,
      "recall": 0.6111111111111112,
      "specificity": 0.5217391304347826,
      "f1": 0.6376811594202898,
      "confusion": {
        "tp": 22,
        "tn": 12,
        "fp": 11,
        "fn": 14
      }
    },
    "finetuned": {
      "accuracy": 0.576271186440678,
      "precision": 0.6122448979591837,
      "recall": 0.8333333333333334,
      "specificity": 0.17391304347826086,
      "f1": 0.7058823529411765,
      "confusion": {
        "tp": 30,
        "tn": 4,
        "fp": 19,
        "fn": 6
      }
    }
  }
}